Title,URL,"Page Type",Published,H1,"Meta Title","Meta Description","Search Filter Year","Search Filter Make","Search Filter Model","Search Categories","Search Terms",Content,"Featured On Home Page",Language,"Translated Name"
"June 20% Off Towing Accessories",20percentofftowing,search,Yes,"June 20% Off Towing Accessories","June 20% Off Towing Accessories","June 20% Off Towing Accessories",,,,,999T7KN000;999T7WQ810;999T5KN000S2;999T7WQ820;999T8C3010;999T5C3200;999T5VT010;999T5VT020;2523079917;999T5X5190;999T5RZ100;241677S000;999T8XZ000;999T5BY100;999T5G2160;999T5G2360;999T8G2000;T99T55MP0A;T99T85MP0A;T99T56TA0A;T99T86TA0A;T99T56TA60;T99T56RR00;T99T86RR0A;T99T59BU0B;T99T89BU0A;T99T87BA0A;T99T55NA2A;285T15NA0B;999T5R4190;T99T55VG0A;T99T56SA60;99998T9056;99998T9034XT,"<div class=""themeInnerPageBanner"">
	<div class=""themeInnerPageBannerWrap"">
		<div class=""themeInnerPageBannerList"">
			<div class=""themeInnerPageBannerItem"">
				<div class=""themeInnerPageBannerCard"">
					<div class=""themeInnerPageBannerImg"" style=""background-image: url(https://cdn.revolutionparts.io/043762c8bc258c5f283beb7fa50915ef/design/2026promo/june/nissan_ca_towing_desktop_t1.webp);background-position: bottom right;""></div>
					<div class=""themeInnerPageBannerContent"">
						<div class=""themeInnerPageBannerBox"" style=""max-width: 400px;"">
							<h1>
                                Weekends are for hauling more, doing more.
                            </h1>
							<p>                         From trailers and toys to project materials, equip your Nissan with towing and utility accessories with 20% off select products from 6/1-7/15.
                    <span class=""themeBannerTermWrap""> <a href=""#"">[*]</a> <span class=""themeBannerTermBox""> <span style=""font-family: var(--themeFontBold) !important;"">                             ELIGIBILITY REQUIREMENTS: Not all items sold on <a href=""https://parts.nissan.ca/"" style=""color:#000000 !important;"">Parts.Nissan.ca</a> are shippable.
                        </span>                         Promotion valid on online orders of select Nissan Parts, discount applied at checkout from 06/01/2026 through 07/15/2026. Offer may be combined with other promotions. Any remaining shipping balance is the sole responsibility of the customer. No cash value. Void where prohibited. Other restrictions may apply. Contact a participating Canadian Nissan dealer for details.
                        </span> </span> </p>
						</div>
					</div>
				</div>
			</div>
		</div>
	</div>
</div>",No,en_US,"June 20% Off Towing Accessories"
"June 20% Off Towing Accessories",20percentofftowing,search,Yes,"20 % de rabais sur les accessoires de remorquage en juin","20 % de rabais sur les accessoires de remorquage en juin","20 % de rabais sur les accessoires de remorquage en juin",,,,,999T7KN000;999T7WQ810;999T5KN000S2;999T7WQ820;999T8C3010;999T5C3200;999T5VT010;999T5VT020;2523079917;999T5X5190;999T5RZ100;241677S000;999T8XZ000;999T5BY100;999T5G2160;999T5G2360;999T8G2000;T99T55MP0A;T99T85MP0A;T99T56TA0A;T99T86TA0A;T99T56TA60;T99T56RR00;T99T86RR0A;T99T59BU0B;T99T89BU0A;T99T87BA0A;T99T55NA2A;285T15NA0B;999T5R4190;T99T55VG0A;T99T56SA60;99998T9056;99998T9034XT,"<div class=""themeInnerPageBanner"">
    <div class=""themeInnerPageBannerWrap"">
        <div class=""themeInnerPageBannerList"">
            <div class=""themeInnerPageBannerItem"">
                <div class=""themeInnerPageBannerCard"">
                    <div class=""themeInnerPageBannerImg"" style=""background-image: url(https://cdn.revolutionparts.io/043762c8bc258c5f283beb7fa50915ef/design/2026promo/june/nissan_ca_towing_desktop_t1.webp);background-position: bottom right;""></div>

                    <div class=""themeInnerPageBannerContent"">
                        <div class=""themeInnerPageBannerBox"" style=""max-width: 400px;"">

                            <h1>Les fins de semaine, c&#39;est pour transporter plus et faire plus.</h1>

                            <p>
                                De la remorque aux jouets en passant par le mat&#233;riel de projet, &#233;quipez votre Nissan d&#39;accessoires de remorquage et d&#39;utilit&#233; avec un rabais de 20 % sur certains produits du 1er au 30 juin.

                                <span class=""themeBannerTermWrap"">
                                    <a href=""#"">[*]</a>

                                    <span class=""themeBannerTermBox"">
                                        <span style=""font-family: var(--themeFontBold) !important;"">
                                            CONDITIONS D&#39;ADMISSIBILIT&#201; : Les articles vendus sur
                                            <a href=""https://parts.nissan.ca/"" style=""color:#000000 !important;"">Parts.Nissan.ca</a>
                                            ne sont pas tous exp&#233;diables.
                                        </span>

                                        La promotion est valable sur les commandes en ligne de pi&#232;ces Nissan s&#233;lectionn&#233;es, le rabais &#233;tant appliqu&#233; au moment du paiement du 01/06/2026 au 30/06/2026. L&#39;offre peut &#234;tre combin&#233;e &#224; d&#39;autres promotions. Tout solde d&#39;exp&#233;dition est la responsabilit&#233; exclusive du client. Aucune valeur en esp&#232;ces. Nulle l&#224; o&#249; la loi l&#39;interdit. D&#39;autres restrictions peuvent s&#39;appliquer. Communiquez avec un concessionnaire Nissan canadien participant pour plus de d&#233;tails.
                                    </span>
                                </span>
                            </p>

                        </div>
                    </div>

                </div>
            </div>
        </div>
    </div>
</div>",No,fr_CA,"20 % de rabais sur les accessoires de remorquage en juin"
