Title,URL,"Page Type",Published,H1,"Meta Title","Meta Description","Search Filter Year","Search Filter Make","Search Filter Model","Search Categories","Search Terms",Content,"Featured On Home Page"
"Vintage Muscle",vintage-muscle,search,Yes,"Vintage Muscle","Vintage Muscle","Vintage Muscle",,,,,P4452989;P4529791;P2785434;P3690944;P1671446;77R06286;77R06285;P4529794;P3690732;P3690731;P2998326;P4286571;P4529797;P4876820;P4120272AC;01949765;P4876062;P5249267;P5007052;P4529288;P5007620;P3690855;P4120613;P3412049;P4876064;110022;110023;MSB-67158212SS;MSB-67158300SS;MSB-67134300SS;MBB-67178300SS;MBB-67178312SS;MBB-67200300SS;MBB-67200312SS,,No
"Modern Performance Brakes",modern-performance/brakes,search,Yes,"Modern Performance Brakes","Modern Performance Brakes","Modern Performance Brakes",,,,,P5156167AC,,No
"Modern Performance Intake and Air",modern-performance/intake-and-air,search,Yes,"Modern Performance Intake and Air","Modern Performance Intake and Air","Modern Performance Intake and Air",,,,,77072385;77070044AD;77072381;77070045AB;77070043AC;77070041;68198995AA;68198996AA;77072546AD;77060003AC;77060019AB;77070010;77070018;77060080;77070048;77070014;77072548AC;77070013;77070038;77070012;77070015;77070019;68239826AA;68322213AA;68256672AA;77072559AB;77072546AC;77070029;77072546AB,,No
"Modern Performance Drivetrain",modern-performance/drivetrain,search,Yes,"Modern Performance Drivetrain","Modern Performance Drivetrain","Modern Performance Drivetrain",,,,,77072540AB;77072536AB;77072537AB;77072535AB;77072542AB;P5155284AB;P5155705,,No
"Modern Performance Engine Parts",modern-performance/engine-parts,search,Yes,"Modern Performance Engine Parts","Modern Performance Engine Parts","Modern Performance Engine Parts",,,,,77072581AB;77073001AA;77072550AB;77072605AA;77072611AA;77072608AA;77072609AA;77072579AD;77072583AB;77072534AB;68277306AA;P5160607AA,,No
"Modern Performance - Exhaust",modern-performance/exhaust,search,Yes,Exhaust,Exhaust,Exhaust,,,,,,,No
"Modern Performance - Suspension",modern-performance/suspension,search,Yes,Suspension,Suspension,Suspension,,,,,77072464,,No
"Modern Performance - Wheels",modern-performance/wheels,search,Yes,Wheels,Wheels,Wheels,,,,,,,No
"Modern Performance Interior Accessories",modern-performance/interior-accessories,search,Yes,"Modern Performance Interior Accessories","Modern Performance Interior Accessories","Modern Performance Interior Accessories",,,,,77060033;77060032;77060030;77060048;77060046;77060044;77060042;77060059;77060060;77060051;77060058;77060057;77060052;77060053;77060054;77060056;P5155501;P5155503;P5155500;P5155885;P5155504;77060031;P5155502,,No
"Vintage Muscle Air & Fuel",vintage-muscle/air-and-fuel,search,Yes,"Vintage Muscle Air & Fuel","Vintage Muscle Air & Fuel","Vintage Muscle Air & Fuel",,,,,P4120484;P5153525;P5153737,,No
"Modern Performance",Modern-Performance,search,Yes,"Modern Performance","Modern Performance","Modern Performance",,,,,"77060033;77060032;77060030;77060048;77060046;77060044;77060042;77060059;77060060;77060051;77060058;77060057;77060052;77060053;77060054;77060056;P5155501;P5155503;P5155500;P5155885;P5155504;77060031;P5155502;77072464;77072385;77070044AD;77072381;77070045AB;77070043AC;77070041;77072479;P5160040AB;68198995AA;68198996AA;P5155239;77072581AB;P5155983;77072554AC;77072546AD;77073001AA;77072550AB;77072540AB;77072552AC;77072605AA;77072611AA;77072608AA;77072609AA;77072579AD;77072583AB;77072536AB;77072537AB;77072535AB;P5155435AE;77072542AB;77072544AB;P5156167AC;77072534AB;77060003AC;77060019AB;77070010;77070018;77060080;77072556AB;77070048;77070014;77072548AC;77072556AC;77072552AB;77070013;77070038;77070012;77070015;77070019;P5155283;77073028AA;68239826AA;68322213AA;68256672AA;68277306AA;77073029AA;77073012AB;77072554AB;77072559AB;77072546AC;77070029;77072546AB;77073027AA;P4510854;P5155951AB;P5160082AB;P5155950;P4510876;P4510543;P5160607AA;P5155284AB;P5155705;DIR-DEMN-002M;DIR-DEMN-002G;DIR-DEMN-001M;DIR-DEMN-001G;DIR-HCDM-004M;DIR-HCDM-004G;DIR-HCDM-005M;DIR-HCDM-005G;110022;110023;MSB-67158212SS;MSB-67158300SS;MSB-67134300SS;MBB-67178300SS;MBB-67178312SS;MBB-67200300SS;MBB-67200312SS;DOD-15178300SH;CHRHCR-15200312FSNC;CHLHCR-15200312FSNC;CHLR-15200312FSNC;CHYR-15200312FSNC;CHRHCR-15200312LSXNC;CHRHCR-15200312LSARH;CHLHCR-15200312LSXNC;CHLHCR-15200312LSARH;CHLR-15200312LSXNC;CHLR-15200312LSARH;CHYR-06200312LSXNC;CHYR-06200312LSARH;CHR-15134300LSWC + EX004-EX015;CHR-15134300LSWC;CHR-15178300LSWC + EX004-EX015;CHR-15178300LSWC;CHR-15200300LSWC + EX004-EX015;CHR-15200300LSWC;CHL64-15134300FSWC + EX004-EX015;CHL64-15134300FSWC;CHL64-15178300FSWC + EX004-EX015;CHL64-15178300FSWC;CHL64-15200300FSWC + EX004-EX015;CHL64-15200300FSWC;CHL64-15134300LSWC + EX004-EX015;CHL64-15134300LSWC;CHL64-15178300LSWC + EX004-EX015;CHL64-15178300LSWC;CHL64-15200300LSWC + EX004-EX015;CHL64-15200300LSWC;CHRHC-15178300LSWC + EX004-EX015;CHRHC-15178300LSWC;CHRHC-15200300LSWC + EX004-EX015;CHRHC-15200300LSWC;CHRHC-15178300FSWC + EX004-EX015;CHRHC-15178300FSWC;CHRHC-15200300FSWC + EX004-EX015;CHRHC-15200300FSWC;CHAHC-15178300LSWC + EX004-EX015;CHAHC-15178300LSWC;CHAHC-15200300LSWC + EX004-EX015;CHAHC-15200300LSWC;CHAHC-15178300FSWC + EX004-EX015;CHAHC-15178300FSWC;CHAHC-15200300FSWC + EX004-EX015;CHAHC-15200300FSWC;DD131500SC;DD131600SC;DD131500H;DD131600H;DD0231506SC;DD0231606SC;DD0231506H;DD0231606H;DD0311534;DD0311834;DD0311506;DD0311806;140225-EX004-EX015;140225;140227-EX004-EX015;140227;140221-EX004-EX015;140221;140223-EX004-EX015;140223;DEM-17200312FSNC;DEM-18200312LSXNC;DEM-18200312LSARH;DEM-18178300FSWC-EX004-EX015;DEM-18178300FSWC;DEM-18200300FSWC-EX004-EX015;DEM-18200300FSWC;DEM-18178300LSWC-EX004-EX015;DEM-18178300LSWC;DEM-18200300LSWC-EX004-EX015;DEM-18200300LSWC;C003-0000;C003-0000R;C001-0000;C001-0000R;C014-0000;C014-0000R;C029-0000;C029-0000R;C029-0001;C029-0001R;C004-0000;C004-0000R;C027-0000",,No
"Vintage Muscle Brakes",vintage-muscle/brakes,search,Yes,"Vintage Muscle Brakes","Vintage Muscle Brakes","Vintage Muscle Brakes",,,,,P5249315;P4510640,,No
"Vintage Muscle Drivetrain",vintage-muscle/drivetrain,search,Yes,"Vintage Muscle Drivetrain","Vintage Muscle Drivetrain","Vintage Muscle Drivetrain",,,,,,,No
"Vintage Muscle Engine Parts",vintage-muscle/engine-parts,search,Yes,"Vintage Muscle Engine Parts","Vintage Muscle Engine Parts","Vintage Muscle Engine Parts",,,,,P4120272AC;P4529791;P2785434;P2998326;P4529797;P3690944;P4286571;P4876062;P5249267;P4529288;P4876064;77R06286;77R06285;P4529794;P3690732;P3690731,,No
"Vintage Muscle Exterior",vintage-muscle/exterior,search,Yes,"Vintage Muscle Exterior","Vintage Muscle Exterior","Vintage Muscle Exterior",,,,,,,No
"Vintage Muscle Suspension",vintage-muscle/suspension,search,Yes,"Vintage Muscle Suspension","Vintage Muscle Suspension","Vintage Muscle Suspension",,,,,P4529514;P4120864;P3690455;P3690457;P4120074;P3690454;P4452984;P4452983;P4452985;P4120863;P3412003;P3412002;P4452982,,No
"Modern Performance - Exterior Accessories",modern-performance/exterior-accessories,search,Yes,"Exterior Accessories","Exterior Accessories","Exterior Accessories",,,,,77072554AC;77072552AC;77072556AB;77072556AC;77072552AB;77072554AB,,No
"Exclusive Kits",modern-performance/exclusive-kits,search,Yes,"Exclusive Kits","Exclusive Kits","Exclusive Kits",,,,,77072581AB;77072583AB;77072540AB;77072542AB;77072536AB;77072535AB;77072537AB;77072550AB;77072534AB;77072552AB;77072544AB;77072546AC;77072554AC;77072556AC;77072559AC;77072579AB;77072559AB;77072546AB;77072548AB;77072552AC;77072579AD;77072605AA;77072611AA;77072608AA;77072609AA;77073001AA,,No
"Vintage Muscle - Licensed Parts",vintage-muscle-licensed-parts,search,Yes,"Vintage Muscle - Licensed Parts","Vintage Muscle - Licensed Parts","Vintage Muscle - Licensed Parts",,,,,110022;110023;MSB-67158212SS;MSB-67158300SS;MSB-67134300SS;MBB-67178300SS;MBB-67178312SS;MBB-67200300SS;MBB-67200312SS,,No
"Modern Performance License Parts",modern-performance-licensed-parts,page,Yes,"Modern Performance License Parts","Modern Performance License Parts","Modern Performance License Parts",,,,,DD131500SC;DD131600SC;DD131500H;DD131600H;DD0231506SC;DD0231606SC;DD0231506H;DD0231606H;DD0311534;DD0311834;DD0311506;DD0311806;88B1806245DC;71HB7110W62SBLDC;DIRDEMN002G;DIRDEMN001M;DIRDEMN001G;DIRHCDM004M;DIRHCDM004G;DIRHCDM005M;DIRHCDM005G;DOD15178300SH;CHRHCR15200312FSNC;CHLHCR15200312FSNC;CHLR15200312FSNC;CHYR15200312FSNC;CHRHCR15200312LSXNC;CHRHCR15200312LSARH;CHLHCR15200312LSXNC;CHLHCR15200312LSARH;CHLR15200312LSXNC;CHLR15200312LSARH;CHYR06200312LSXNC;CHYR06200312LSARH;CHR15134300LSWCEX004-EX015;CHR-15134300LSWC;CHR15178300LSWCEX004EX015;CHR15178300LSWC;CHR15200300LSWCEX004EX015;CHR15200300LSWC;CHL6415134300FSWCEX004EX015;CHL6415134300FSWC;CHL6415178300FSWCEX004EX015;CHL6415178300FSWC;CHL6415200300FSWCEX004EX015;CHL6415200300FSWC;CHL6415134300LSWCEX004EX015;CHL6415134300LSWC;CHL6415178300LSWCEX004EX015;CHL6415178300LSWC;CHL6415200300LSWC;CHL6415200300LSWCEX004EX015;CHRHC15178300LSWCEX004EX015;CHRHC15178300LSWC;CHRHC15200300LSWCEX004EX015;CHRHC15200300LSWC;CHRHC15178300FSWCEX004EX015;CHRHC15178300FSWC;CHRHC15200300FSWCEX004EX015;CHRHC15200300FSWC;CHAHC15178300LSWCEX004EX015;CHAHC15178300LSWC;CHAHC15200300LSWCEX004EX015;CHAHC15200300LSWC;CHAHC15178300FSWCEX004EX015;CHAHC15178300FSWC;CHAHC15200300FSWCEX004EX015;CHAHC15200300FSWC;c0010000;c0010000r;c0030000;c0030000r;c0040000;c0040000r;c0140000;c0140000r;c0270000;c0290000;c0290000r;c0290001;c0290001r,,
"Modern Performance - Licensed Parts Wheels",modern-performance-licensed-parts-wheels,search,Yes,"Modern Performance - Licensed Parts Wheels","Modern Performance - Licensed Parts Wheels","Modern Performance - Licensed Parts Wheels",,,,,88B-1806245-DC;71HB7110W62SBL-DC,,No
"Modern Performance - Licensed Parts Exterior Accessories",modern-performance-licensed-parts-exterior-accessories,search,Yes,"Modern Performance - Licensed Parts Exterior Accessories","Modern Performance - Licensed Parts Exterior Accessories","Modern Performance - Licensed Parts Exterior Accessories",,,,,DIR-DEMN-002M;DIR-DEMN-002G;DIR-DEMN-001M;DIR-DEMN-001G;DIR-HCDM-004M;DIR-HCDM-004G;DIR-HCDM-005M;DIR-HCDM-005G,,No
"Modern Performance - Licensed Parts Exhaust",modern-performance-licensed-parts-exhaust,search,Yes,"Modern Performance - Licensed Parts Exhaust","Modern Performance - Licensed Parts Exhaust","Modern Performance - Licensed Parts Exhaust",,,,,"110022;110023;MSB-67158212SS;MSB-67158300SS;MSB-67134300SS;MBB-67178300SS;MBB-67178312SS;MBB-67200300SS;MBB-67200312SS;DOD-15178300SH;CHRHCR-15200312FSNC;CHLHCR-15200312FSNC;CHLR-15200312FSNC;CHYR-15200312FSNC;CHRHCR-15200312LSXNC;CHRHCR-15200312LSARH;CHLHCR-15200312LSXNC;CHLHCR-15200312LSARH;CHLR-15200312LSXNC;CHLR-15200312LSARH;CHYR-06200312LSXNC;CHYR-06200312LSARH;CHR-15134300LSWC + EX004-EX015;CHR-15134300LSWC;CHR-15178300LSWC + EX004-EX015;CHR-15178300LSWC;CHR-15200300LSWC + EX004-EX015;CHR-15200300LSWC;CHL64-15134300FSWC + EX004-EX015;CHL64-15134300FSWC;CHL64-15178300FSWC + EX004-EX015;CHL64-15178300FSWC;CHL64-15200300FSWC + EX004-EX015;CHL64-15200300FSWC;CHL64-15134300LSWC + EX004-EX015;CHL64-15134300LSWC;CHL64-15178300LSWC + EX004-EX015;CHL64-15178300LSWC;CHL64-15200300LSWC + EX004-EX015;CHL64-15200300LSWC;CHRHC-15178300LSWC + EX004-EX015;CHRHC-15178300LSWC;CHRHC-15200300LSWC + EX004-EX015;CHRHC-15200300LSWC;CHRHC-15178300FSWC + EX004-EX015;CHRHC-15178300FSWC;CHRHC-15200300FSWC + EX004-EX015;CHRHC-15200300FSWC;CHAHC-15178300LSWC + EX004-EX015;CHAHC-15178300LSWC;CHAHC-15200300LSWC + EX004-EX015;CHAHC-15200300LSWC;CHAHC-15178300FSWC + EX004-EX015;CHAHC-15178300FSWC;CHAHC-15200300FSWC + EX004-EX015;CHAHC-15200300FSWC;DD131500SC;DD131600SC;DD131500H;DD131600H;DD0231506SC;DD0231606SC;DD0231506H;DD0231606H;DD0311534;DD0311834;DD0311506;DD0311806;140225-EX004-EX015;140225;140227-EX004-EX015;140227;140221-EX004-EX015;140221;140223-EX004-EX015;140223;DEM-17200312FSNC;DEM-18200312LSXNC;DEM-18200312LSARH;DEM-18178300FSWC-EX004-EX015;DEM-18178300FSWC;DEM-18200300FSWC-EX004-EX015;DEM-18200300FSWC;DEM-18178300LSWC-EX004-EX015;DEM-18178300LSWC;DEM-18200300LSWC-EX004-EX015;DEM-18200300LSWC",,No
"Modern Performance - Licensed Parts Suspension Accessories",modern-performance-licensed-parts-suspension-accessories,search,Yes,"Modern Performance - Licensed Parts Suspension Accessories","Modern Performance - Licensed Parts Suspension Accessories","Modern Performance - Licensed Parts Suspension Accessories",,,,,C003-0000;C003-0000R;C001-0000;C001-0000R;C014-0000;C014-0000R;C029-0000;C029-0000R;C029-0001;C029-0001R;C004-0000;C004-0000R;C027-0000,,No
"Crate Engine - Crate Engines",crate-engine/crate-engines,search,Yes,"Crate Engine - Crate Engines","Crate Engine - Crate Engines","Crate Engine - Crate Engines",,,,,68660541AA;P5160194AC;68303091AA;68303089AB;68303090AB;68303088AC;P5160620AA;P5160619AA;P5160618AA;P5160617AA;P5160616AA,,No
"Crate Engine - Engine Kits",crate-engine/engine-kits,search,Yes,"Crate Engine - Engine Kits","Crate Engine - Engine Kits","Crate Engine - Engine Kits",,,,,77072500AD;77072601AB;77073010AA;77072452AF;77072451AG;77072453AG;77072455AG;77072454AI;77072454AJ,,No
"Crate Engine - Engine Parts",crate-engine/engine-parts,search,Yes,"Crate Engine - Engine Parts","Crate Engine - Engine Parts","Crate Engine - Engine Parts",,,,,,,No
"Crate Engine - Accessory Drive",crate-engine/accessory-drive,search,Yes,"Crate Engine - Accessory Drive","Crate Engine - Accessory Drive","Crate Engine - Accessory Drive",,,,,77072492;77072445,,No
"Crate Engine - Transmission Kit",crate-engine/transmission-kit,search,Yes,"Crate Engine - Transmission Kit","Crate Engine - Transmission Kit","Crate Engine - Transmission Kit",,,,,PW100003AB;PW100004;PW100051AA;PW100054AA;PW100052AA;PW100053AA,,No
Race,race,search,Yes,Race,Race,Race,,,,,05038041AA;P5160239AC;P5160240AA;P5160354AC;P5160258AC;P5160232AC;P5160229AB;P5160231AC;P5160241AC;P5160246AB;P5160252AB;P5160254AA;P5160255AA;P5160256AA;P5160257AA;P5160609AA;P5160260AA;P5160229AA;P5160169AD;FSX-100-0026;AR7-826-2GB;CHR-IV-DPM003315053-MT;CHR-EV-DPM003315053-MT;FSX-100-0149;DWU-LC-2754-070;H4121SP6068S;DPC-17218400HR;FSX-100-0171;FSX-100-0172;DKP-CRANK-1;DG-BDP57-4HT-6300B7W;SRT-354SC-AB-125;233-000-17-X233AA8;FSX-100-0059;FSX-100-0156;FSX-100-0163;21165;24165;P5156300AC;P5160612AA;P5160613AA;P5160614AA;P5160615AA,,No
"Race - Funny Cars",race/funny-cars,search,Yes,"Race - Funny Cars","Race - Funny Cars","Race - Funny Cars",,,,,P5156300AC;P5160612AA;P5160613AA;P5160614AA;P5160615AA,,No
"Race - Drag Pak Kits",race/drag-pak-kits,search,Yes,"Race - Drag Pak Kits","Race - Drag Pak Kits","Race - Drag Pak Kits",,,,,P5160240AA;P5160251AA;P5160255AA;P5160257AA;P5160256AA;P5160254AA;P5160258AC;P5160333AB;P5160241AC;P5160231AC;P5160239AC;P5160232AC;P5160246AB;P5160252AB;P5160354AC;P5161750AC;P5160609AA;P5160605AA;P5160608AA;P5160604AA-KIT2;P5160604AA-KIT1;P5160229AB,,No
"Race - Licensed Parts",drag-pak-licensed-parts,search,Yes,"Race - Licensed Parts","Race - Licensed Parts","Race - Licensed Parts",,,,,P5160169AD;FSX-100-0026;AR7-826-2GB;CHR-IV-DPM003315053-MT;CHR-EV-DPM003315053-MT;FSX-100-0149;DWU-LC-2754-070;H4121SP6068S;DPC-17218400HR;FSX-100-0171;FSX-100-0172;DKP-CRANK-1;DG-BDP57-4HT-6300B7W;SRT-354SC-AB-125;233-000-17-X233AA8;FSX-100-0059;FSX-100-0156;FSX-100-0163;21165;24165,,No
"Modern Performance Stage Kits",modern-performance/stage-kits,search,Yes,"Modern Performance Stage Kits","Modern Performance Stage Kits","Modern Performance Stage Kits",,,,,77072581AB;77072583AB;77073001AA;77072579AD;77072605AA;77072608AA;77072611AA;77072609AA,,No
"Modern Performance Exhaust",modern-performance-exhaust,search,Yes,"Modern Performance Exhaust","Modern Performance Exhaust","Modern Performance Exhaust",,,,,"110022;110023;MSB-67158212SS;MSB-67158300SS;MSB-67134300SS;MBB-67178300SS;MBB-67178312SS;MBB-67200300SS;MBB-67200312SS;DOD-15178300SH;CHRHCR-15200312FSNC;CHLHCR-15200312FSNC;CHLR-15200312FSNC;CHYR-15200312FSNC;CHRHCR-15200312LSXNC;CHRHCR-15200312LSARH;CHLHCR-15200312LSXNC;CHLHCR-15200312LSARH;CHLR-15200312LSXNC;CHLR-15200312LSARH;CHYR-06200312LSXNC;CHYR-06200312LSARH;CHR-15134300LSWC + EX004-EX015;CHR-15134300LSWC;CHR-15178300LSWC + EX004-EX015;CHR-15178300LSWC;CHR-15200300LSWC + EX004-EX015;CHR-15200300LSWC;CHL64-15134300FSWC + EX004-EX015;CHL64-15134300FSWC;CHL64-15178300FSWC + EX004-EX015;CHL64-15178300FSWC;CHL64-15200300FSWC + EX004-EX015;CHL64-15200300FSWC;CHL64-15134300LSWC + EX004-EX015;CHL64-15134300LSWC;CHL64-15178300LSWC + EX004-EX015;CHL64-15178300LSWC;CHL64-15200300LSWC + EX004-EX015;CHL64-15200300LSWC;CHRHC-15178300LSWC + EX004-EX015;CHRHC-15178300LSWC;CHRHC-15200300LSWC + EX004-EX015;CHRHC-15200300LSWC;CHRHC-15178300FSWC + EX004-EX015;CHRHC-15178300FSWC;CHRHC-15200300FSWC + EX004-EX015;CHRHC-15200300FSWC;CHAHC-15178300LSWC + EX004-EX015;CHAHC-15178300LSWC;CHAHC-15200300LSWC + EX004-EX015;CHAHC-15200300LSWC;CHAHC-15178300FSWC + EX004-EX015;CHAHC-15178300FSWC;CHAHC-15200300FSWC + EX004-EX015;CHAHC-15200300FSWC;DD131500SC;DD131600SC;DD131500H;DD131600H;DD0231506SC;DD0231606SC;DD0231506H;DD0231606H;DD0311534;DD0311834;DD0311506;DD0311806;140225-EX004-EX015;140225;140227-EX004-EX015;140227;140221-EX004-EX015;140221;140223-EX004-EX015;140223;DEM-17200312FSNC;DEM-18200312LSXNC;DEM-18200312LSARH;DEM-18178300FSWC-EX004-EX015;DEM-18178300FSWC;DEM-18200300FSWC-EX004-EX015;DEM-18200300FSWC;DEM-18178300LSWC-EX004-EX015;DEM-18178300LSWC;DEM-18200300LSWC-EX004-EX015;DEM-18200300LSWC;77072479;P5160040AB;P5155283",,No
"Modern Performance Exterior Accessories",modern-performance-exterior-accessories,search,Yes,"Modern Performance Exterior Accessories","Modern Performance Exterior Accessories","Modern Performance Exterior Accessories",,,,,77072554AC;77072552AC;77072556AB;77072556AC;77072552AB;77072554AB;DIR-DEMN-002M;DIR-DEMN-002G;DIR-DEMN-001M;DIR-DEMN-001G;DIR-HCDM-004M;DIR-HCDM-004G;DIR-HCDM-005M;DIR-HCDM-005G,,No
"Modern Performance Suspension",modern-performance-suspension-accessories,search,Yes,"Modern Performance Suspension","Modern Performance Suspension","Modern Performance Suspension",,,,,C003-0000;C003-0000R;C001-0000;C001-0000R;C014-0000;C014-0000R;C029-0000;C029-0000R;C029-0001;C029-0001R;C004-0000;C004-0000R;C027-0000;77072464;P5155239;P5155983;P5155435AE;77072544AB;P4510854;P5155951AB;P5160082AB;P5155950;P4510876;P4510543,,No
"Modern Performance Wheels",modern-performance-wheels,search,Yes,"Modern Performance Wheels","Modern Performance Wheels","Modern Performance Wheels",,,,,88B-1806245-DC;71HB7110W62SBL-DC;77073028AA;77073029AA;77073012AB;77073027AA,,No
"Crate Engine",crate-power/crate-engine,search,Yes,"Crate Engine","Crate Engine","Crate Engine",,,,,68303088AB;68303088AC;68303090AB;68660541AA;68303089AB;68303091AA;68303091AB;68660541AB;68303091AC;P5160618AA;P5160620AA;P5160619AA;P5160616AA;P5160617AA;68643793AA;68643792AA;P5160621AA;P5160622AA,,No
"Powertrain Kits",crate-power/powertrain-kits,page,Yes,"Powertrain Kits","Powertrain Kits","Powertrain Kits",,,,,,,
"Transmissions & Transmission Parts",crate-power/transmissions,search,Yes,"Transmissions & Transmission Parts","Transmissions & Transmission Parts","Transmissions & Transmission Parts",,,,,PW100003AB;PW100004;PW100051AA;PW100052AA;PW100053AA;PW100054AA,,No
"Engine Controllers",crate-power/engine-controllers,search,Yes,"Engine Controllers","Engine Controllers","Engine Controllers",,,,,77072601AB;77073010AA;77072454AI;77072455AH;77072452AF;77072500AD;77072451AG;77072453AG,,No
"Stage Kits & Superchargers",crate-power/stage-kits,search,Yes,"Stage Kits","Stage Kits","Stage Kits",,,,,53011570AA;P5160606AA;77072581AB;77072583AB;77072557AA,,No
Exhaust,crate-power/exhaust,search,Yes,Exhaust,Exhaust,Exhaust,,,,,77072462AB,,No
"Engine Oiling & Parts",crate-power/Engine-oil,search,Yes,"Engine Oiling & Parts","Engine Oiling & Parts","Engine Oiling & Parts",,,,,77072447;77072450AB,,No
"Accessory Drive",crate-power/accessory-drive,search,Yes,"Accessory Drive","Accessory Drive","Accessory Drive",,,,,77072445;77072448;77072446AB;77072492;77072493;68303091AA;P5160194AC;68303088AB,,No
"Race Engines",drag-pak/engines,search,Yes,"Race Engines","Race Engines","Race Engines",,,,,P5160354AC,,No
"Race Driveline",drag-pak/driveline,search,Yes,"Race Driveline","Race Driveline","Race Driveline",,,,,P5160609AA,,No
"Drag Pak Engine Cooling",drag-pak/engine-cooling,search,Yes,"Drag Pak Engine Cooling","Drag Pak Engine Cooling","Drag Pak Engine Cooling",,,,,P5160258AC,,No
"Drag Pak Body & Aero",drag-pak/body-aero,search,Yes,"Drag Pak Body & Aero","Drag Pak Body & Aero","Drag Pak Body & Aero",,,,,P5160232AC,,No
"Drag Pak Interior",drag-pak/interior,search,Yes,"Drag Pak Interior","Drag Pak Interior","Drag Pak Interior",,,,,P5160229AB;P5160231AC,,No
"Drag Pak Engine Electrical & Controllers",drag-pak/engine-electrical-controllers,search,Yes,"Drag Pak Engine Electrical & Controllers","Drag Pak Engine Electrical & Controllers","Drag Pak Engine Electrical & Controllers",,,,,P5160239AC;P5160240AA,,No
"Drag Pak Suspension Upgrades",drag-pak/suspension-upgrades,search,Yes,"Drag Pak Suspension Upgrades","Drag Pak Suspension Upgrades","Drag Pak Suspension Upgrades",,,,,P5160241AC,,No
"Drag Pak Wheels & Tires",drag-pak/wheels-tires,search,Yes,"Drag Pak Wheels & Tires","Drag Pak Wheels & Tires","Drag Pak Wheels & Tires",,,,,P5160252AB;P5160246AB,,No
"Drag Pak Graphics Packages",drag-pak/graphics-packages,search,Yes,"Drag Pak Graphics Packages","Drag Pak Graphics Packages","Drag Pak Graphics Packages",,,,,P5160257AA;P5160256AA;P5160255AA,,No
"Vintage Muscle Covers & Hardware",vintage-muscle/covers-hardware,search,Yes,"Vintage Muscle Covers & Hardware","Vintage Muscle Covers & Hardware","Vintage Muscle Covers & Hardware",,,,,,,No
"Vintage Muscle Engine Cooling",vintage-muscle/engine-cooling,search,Yes,"Vintage Muscle Engine Cooling","Vintage Muscle Engine Cooling","Vintage Muscle Engine Cooling",,,,,,,No
"Vintage Muscle Engine Electrical & Controllers",vintage-muscle/engine-electrical-controllers,search,Yes,"Vintage Muscle Engine Electrical & Controllers","Vintage Muscle Engine Electrical & Controllers","Vintage Muscle Engine Electrical & Controllers",,,,,,,No
"Vintage Muscle Gaskets & Hardware",vintage-muscle/gaskets-hardware,search,Yes,"Vintage Muscle Gaskets & Hardware","Vintage Muscle Gaskets & Hardware","Vintage Muscle Gaskets & Hardware",,,,,P4876820;P4452989;P1671446;01949765;P5007052;P5007620;P3690855;P4120613;P3412049,,No
"Vintage Muscle Oiling Systems & Parts",vintage-muscle/oiling-systems-parts,search,Yes,"Vintage Muscle Oiling Systems & Parts","Vintage Muscle Oiling Systems & Parts","Vintage Muscle Oiling Systems & Parts",,,,,,,No
"Vintage Muscle Valvetrain & Cylinder Heads",vintage-muscle/valvetrain-cylinder-heads,search,Yes,"Vintage Muscle Valvetrain & Cylinder Heads","Vintage Muscle Valvetrain & Cylinder Heads","Vintage Muscle Valvetrain & Cylinder Heads",,,,,,,No
"Vintage Muscle - Exhaust",vintage-muscle/exhaust,search,Yes,"Vintage Muscle Exhaust","Vintage Muscle Exhaust","Shop Vintage Muscle Exhaust",,,,,110022;110023;MSB-67158212SS;MSB-67158300SS;MSB-67134300SS;MBB-67178300SS;MBB-67178312SS;MBB-67200300SS;MBB-67200312SS,,No
